imputation,model,r2,adj_r2,cv_r2
pmm,model_3_satisfaction,0.020205369867604774,0.0201300724858799,0.01959297684623159
cart,model_3_satisfaction,0.018508792834518263,0.018433365070563746,0.01810297683687715
rf,model_3_satisfaction,0.01696706577676734,0.0168915195308297,0.016580580987010998
