seed,nsplit,xerror,Uses_AI,Salary,TimeSearching_Min,Years_Exp,Is_Remote
200,185,0.9783781503263353,0,651.643595595757,2502.8814714121513,1102.4838165175834,1.2333819129679466
100,192,0.978744080472412,0,504.40420153573746,2444.9877521966087,1111.0003748926565,4.561322141685185
42,159,0.9793728598535257,2.7518153559449527,342.5345062082869,2509.762630307436,1112.813639663265,2.1844825270404558
300,166,0.9794070311411504,0,502.0923050613227,2487.3718820428207,970.6595448549759,1.7557956685290719
400,186,0.9794237643106979,0.6321636255620253,684.1069651913454,2503.1431776187133,998.3268468404442,3.1351230681257185
