CP,nsplit,rel error,xerror,xstd
0.011842796050763372,0,1,1.0000175982860229,0.008756860034317537
0.005531929337049297,1,0.9881572039492367,0.9882138766861444,0.008617450912704097
0.0026676262790339927,2,0.9826252746121874,0.9834684536606214,0.008605035155863507
0.001409180282211652,3,0.9799576483331532,0.9806989413713629,0.008545677849043082
0.0011596767312284158,4,0.9785484680509416,0.9800368287452487,0.00853686961354451
0.001,5,0.9773887913197131,0.9789445807819637,0.008529558127517819
